Motif,Optimal_allele,Total_num_alleles,Num_variant_alleles,Burden,Expected_s_value
AAAC,7,2738,569,0.56471529,0.000770416
AAAC,8,1052,363,0.196412794,0.000387402
AAAC,9,388,157,0.259528186,0.001090455
AAAC,10,96,43,0.128620023,0.00218
AAAG,7,152,52,0.003733321,2.73E-05
AAAG,8,44,31,0.003915362,3.46E-05
AAAG,9,24,14,0.001747231,3.80E-05
AAAG,10,20,10,0.001124915,2.88E-05
AAAT,7,3814,945,8.160108847,0.00429932
AAAT,8,2406,9.06E+02,0.119389592,6.83E-05
AAAT,9,2152,877,5.151400812,0.003535622
AAAT,10,3278,1373,8.246206681,0.003753394
AAC,5,12826,202,0.00024502,3.83E-06
AAC,6,6090,191,0.000192578,4.59E-06
AAC,7,3130,233,0.000621435,4.20E-06
AAC,8,1604,218,2.38E-05,1.48E-06
AAC,9,878,144,0.00117739,6.93E-06
AAC,10,550,157,0.003054455,1.06E-05
AAC,11,310,94,0.00256537,1.60E-05
AAC,12,250,108,0.009484104,4.45E-05
AAC,13,152,66,0.008297312,6.80E-05
AAG,5,1680,35,0.000176873,6.32E-06
AAG,6,536,35,4.10E-05,5.85E-06
AAG,7,232,20,0.00038246,1.12E-05
AAG,8,92,13,5.63E-05,5.63E-06
AAG,9,26,6,0.00020377,1.70E-05
AAG,10,12,2,5.04E-05,2.52E-05
AAG,11,6,3,0.000794081,2.48E-05
AAG,12,8,6,0.000301321,3.01E-05
AAG,13,4,3,0.001016688,7.82E-05
AAGG,7,90,23,0.039097537,0.000476799
AAGG,8,46,20,0.001199094,2.45E-05
AAGG,9,56,22,0.001758344,3.14E-05
AAGG,10,60,36,0.003068033,3.10E-05
AAT,5,15236,158,0.058011415,0.000253325
AAT,6,7290,256,0.001444868,5.37E-06
AAT,7,3670,357,0.001277754,3.63E-06
AAT,8,1772,395,0.000235158,1.60E-06
AAT,9,1236,402,0.006261757,7.45E-06
AAT,10,954,398,0.010494358,1.09E-05
AAT,11,810,389,0.01520038,1.82E-05
AAT,12,716,372,0.04790743,6.14E-05
AAT,13,778,427,0.089818145,0.000101835
AATC,7,200,39,0.076217421,0.001438065
AATC,8,82,19,0.004555053,0.000227753
AATC,9,28,13,0.002531982,0.00014894
AATC,10,4,1,0.000623621,0.000155905
AATG,7,712,139,0.600490688,0.003194099
AATG,8,328,90,0.021078973,0.000164679
AATG,9,224,99,0.162825244,0.001345663
AATG,10,108,54,0.218778706,0.002804855
AC,11,3974,1196,0.386958845,0.000126292
AC,12,3994,1437,0.056419179,1.41E-05
AC,13,4242,1.67E+03,0.264155559,5.12E-05
AC,14,4336,1857,0.296542828,5.27E-05
AC,15,4672,2091,1.18269855,0.000192434
AC,16,4880,2.38E+03,0.820533015,0.00011732
AC,17,4824,2451,3.799367666,0.000537773
AC,18,4792,2605,5.53520522,0.000784246
AC,19,4624,2596,8.353457496,0.001184048
AC,20,4156,2471,7.592020823,0.001166388
ACAT,7,140,28,0.256909782,0.004757589
ACAT,8,92,34,0.038711682,0.000624382
ACAT,9,78,38,0.273815301,0.003911647
ACAT,10,78,28,0.120763174,0.002464555
ACC,5,1818,16,0.026475198,0.001103133
ACC,6,590,15,0.001841349,9.21E-05
ACC,7,246,11,0.005542692,0.000230946
ACC,8,108,7,0.002976617,0.000297662
ACC,9,72,14,0.002731638,7.59E-05
ACC,10,38,11,0.002501439,6.10E-05
ACC,11,16,5,0.000253208,3.17E-05
ACC,12,4,2,0.00487353,0.000221524
ACC,13,4,2,0.000281005,0.000140502
AG,11,866,157,0.176347858,0.000593764
AG,12,618,168,0.301321566,0.000646613
AG,13,450,158,0.043859147,8.32E-05
AG,14,388,146,0.199667499,0.000417714
AG,15,360,146,0.008288775,1.50E-05
AG,16,304,136,0.005860782,1.32E-05
AG,17,230,132,0.063293952,0.000134097
AG,18,214,129,0.009560937,1.99E-05
AG,19,174,98,0.010446673,2.80E-05
AG,20,128,83,0.014042694,4.94E-05
AGAT,7,186,74,0.001552041,8.87E-06
AGAT,8,132,65,0.006937391,4.96E-05
AGAT,9,164,93,0.010795928,6.24E-05
AGAT,10,354,184,0.023016393,8.05E-05
AGC,5,1920,16,0.082262328,0.001552119
AGC,6,702,17,0.001840372,8.00E-05
AGC,7,370,19,0.000444984,1.71E-05
AGC,8,172,23,0.001662469,2.25E-05
AGC,9,64,16,0.000408249,1.63E-05
AGC,10,66,23,0.001832387,2.13E-05
AGC,11,24,6,0.001215183,3.38E-05
AGC,12,16,6,0.003341283,0.000145273
AGC,13,12,7,0.001201085,4.62E-05
AGG,5,2560,33,0.013209847,0.00036694
AGG,6,696,1.90E+01,0.000545039,2.27E-05
AGG,7,224,10,0.000202163,1.68E-05
AGG,8,128,14,0.000211345,9.61E-06
AGG,9,54,8,0.000327743,2.73E-05
AGG,10,30,9,0.000396873,2.83E-05
AGG,11,8,4,0.000167322,2.79E-05
AGG,12,18,8,0.000831344,4.62E-05
AGG,13,8,5,0.0008057,5.04E-05
AT,11,1104,463,0.050220234,3.87E-05
AT,12,686,317,0.01469346,1.86E-05
AT,13,502,271,0.035279359,5.08E-05
AT,14,396,238,0.045035311,7.39E-05
AT,15,206,120,0.008466756,2.04E-05
AT,16,140,89,0.022248538,7.59E-05
AT,17,76,48,0.005990052,4.50E-05
AT,18,42,29,0.001829861,1.69E-05
AT,19,24,17,0.001719148,2.87E-05
AT,20,8,6,0.004130881,0.00015888
ATC,5,1734,18,0.008991348,0.000428159
ATC,6,778,12,0.002844655,0.000189644
ATC,7,356,23,0.000187892,8.54E-06
ATC,8,218,25,0.000221692,5.68E-06
ATC,9,130,22,0.000649526,1.33E-05
ATC,10,118,24,0.001673088,3.64E-05
ATC,11,94,27,0.000821796,1.91E-05
ATC,12,98,41,0.003404282,4.15E-05
ATC,13,68,27,0.00343624,8.59E-05
ATCC,7,90,21,0.052167882,0.001272387
ATCC,8,64,19,0.000509511,1.42E-05
ATCC,9,82,38,0.044205591,0.00073676
ATCC,10,100,42,0.401293198,0.005901371
CCG,5,1030,19,0.00038816,1.14E-05
CCG,6,510,20,0.000393275,1.31E-05
CCG,7,230,19,0.000702518,1.25E-05
CCG,8,132,26,8.79E-05,4.63E-06
CCG,9,72,11,0.000727896,2.21E-05
CCG,10,44,8,0.000351706,2.51E-05
CCG,11,20,11,0.000525091,2.02E-05
CCG,12,26,8,0.000768444,3.07E-05
CCG,13,2,1,0.00031932,0.00010644